"Tunif","Texp","TnormA","TnormB","Enteros","Categoricos"
32.6405545370653,83.4530699947729,-3.02822523932871,8.15078271829638,5,"X"
31.4740850892849,19.2342717479914,3.18821181239453,10.3650126521601,6,"Y"
29.2632525740191,14.9134425027296,2.67393779483581,10.7163627684683,10,"C"
34.0489985002205,28.029434091498,0.39763164278671,14.850933475302,8,"I"
32.275562339928,0.334042604081333,0.935416720984907,9.45472612131679,2,"J"
31.0631281160749,29.7671217272494,-0.72120231801091,11.269027344952,9,"Q"
32.8940635919571,21.7523598981215,2.81082033422164,9.90498314237894,10,"I"
27.7550428058021,21.8415714712225,-2.67456703646991,11.019546732844,3,"I"
29.9783711205237,43.4514183525868,-2.18058223126641,10.2499704691737,6,"S"
33.3991160639562,15.7170974509791,1.85883330627627,8.60315021651087,6,"E"
29.2113702441566,10.5484629836475,-0.558262998979097,10.2701415815131,5,"Y"
32.6674423040822,11.2805818766356,0.774543678151744,10.0538717876516,6,"Z"
33.8345179427415,14.2154037952423,1.24763266475543,9.31837103703946,10,"Y"
28.8687601662241,5.31333192251623,-0.572021854026051,10.2836818950653,8,"A"
31.4944981201552,50.6027490620442,0.989122271622784,9.60455576976992,2,"U"
32.1197727555409,47.7495369848735,0.156511317073045,8.57719886002614,9,"U"
34.7256548935547,6.55900093365279,-0.890401267202799,11.8877687147273,10,"X"
33.1422413187101,83.4748971411839,-2.72530143641426,11.4368779699585,3,"G"
27.8952984651551,19.0221948316321,0.568286319335431,9.72487178255714,6,"O"
28.0513793579303,5.21445660386235,-1.65001091002524,3.27842068699081,6,"A"
30.5022768094204,36.9023701908503,0.261197251666316,11.1576043035707,5,"J"
28.10024790233,2.24015651496587,-3.63471345258673,12.2104434112885,6,"C"
26.6722231451422,8.98908809758723,5.14447505998264,14.0211730317143,10,"U"
31.2764047179371,34.4598319462005,1.51487100080545,12.3371073372238,8,"H"
33.2590843248181,21.5163589349452,-2.8400723402122,7.66001326265424,2,"S"
32.7682658471167,0.687998835928738,0.400964468859227,9.61559589400226,9,"Y"
34.8228581645526,27.5321409186784,-0.854642836959664,7.35606999247981,10,"K"
27.3400044743903,8.84494601748884,-0.222303773683036,12.8463925306398,3,"D"
27.0106311282143,61.9980588530131,0.43817711829349,6.28148695891465,6,"B"
27.8067653323524,4.04776636976749,-0.910578664678127,9.3400078155097,6,"D"
27.0540571538731,1.27978867851198,1.89297360172666,8.53878770379016,5,"J"
25.1512703415938,39.6077779418008,-3.57073521555991,11.698501017844,6,"E"
31.0906005185097,0.763861611485481,0.893622127867285,10.842790310198,10,"F"
33.6746564437635,29.7215527040576,0.0648430529956603,8.58156129195912,8,"I"
29.9916785559617,12.9141611047089,-0.226455814436088,12.4170053039516,2,"P"
31.1955132102594,4.44339514254603,-0.225356865687425,9.84893991465579,9,"L"
32.7332408237271,10.2321549877524,4.83030352767551,7.37717182250888,10,"E"
30.0020716409199,64.4743238910477,0.416733879055238,6.42299182543415,3,"X"
34.0875784307718,20.6876876531169,0.890459097879171,10.9614235364095,6,"L"
29.03243587818,55.4175287646182,1.09657792213083,6.40893675077874,6,"Y"
34.8695769207552,150.211370187372,-0.0463922494880597,8.70440116367241,5,"A"
27.1505290246569,27.4215773573581,1.39030995670725,11.8686653232856,6,"E"
34.0311062894762,17.4952931748703,0.839467045864348,6.61167728576866,10,"D"
32.1666855830699,38.1932896456186,-0.0327771515031317,9.1653785583706,8,"Z"
32.8813131176867,17.6322628883645,1.53988599781793,10.5618599504577,2,"N"
34.1223331028596,20.7659979723394,0.319009975661136,10.2883813132709,9,"S"
25.1570120081306,2.41524458862841,0.565155411996879,8.15977121868744,10,"J"
29.4003527308814,25.4375646995816,-0.0789657926219451,10.4883551565383,3,"Q"
30.1492404495366,4.24166450276971,0.488491102981503,9.23103006942338,6,"T"
34.3069626064971,59.1906682935484,-1.11632694740929,10.4904216639729,6,"A"
27.4213332729414,11.7872784007341,-2.18008144969188,8.27063012447179,5,"A"
33.5420369636267,27.4140840957455,3.20010415937069,13.8988257442159,6,"Z"
26.1980251246132,44.7117030026526,-1.23822926556772,9.6442455814991,10,"I"
27.0744616072625,2.59630569722503,3.64315808525743,7.39165687004013,8,"W"
31.4811043511145,1.56414042692631,3.0323605326673,9.26460996278182,2,"R"
25.4216365446337,97.3578216830149,0.23727434689004,7.59687158577115,9,"M"
34.0279430290684,25.2846601220284,1.9550131671277,9.2418972799346,10,"S"
27.4210377130657,11.1639124980178,-1.54322228583195,9.17250124184105,3,"H"
34.6998389437795,5.59773383287865,3.10645174906265,9.46304991328043,6,"Q"
26.3530637021177,3.50954288151115,2.83029889266311,12.6666960299202,6,"O"
33.3244531066157,61.310870197875,-1.09499173922705,8.45969811856647,5,"X"
30.155832269229,16.9260739674792,-0.74762132772749,10.6982592397011,6,"X"
26.262894035317,17.2081136936322,0.157941821906767,6.61578443433895,10,"Z"
27.3179355007596,4.9921335792169,0.139297085629047,12.7928473732755,8,"G"
25.9027882269584,56.7760401938982,-2.552638533461,7.57679661848667,2,"V"
29.4684101548046,51.6812869322426,-3.36309886770951,10.0794686650083,9,"Z"
26.5543637285009,1.01119028738812,-4.47621639117145,11.1584423910175,10,"O"
33.1600994546898,53.2711482209094,0.192226259170051,8.92788829961778,3,"K"
27.3422464402393,2.06111140083522,-1.26128801217183,9.13473636313063,6,"B"
33.3073112461716,18.0898142047226,4.01823048380809,8.79400715267564,6,"B"
31.8623273679987,4.45386608596891,1.50583752994603,10.8535558533433,5,"A"
32.3032233887352,3.97477837932308,0.521023895037391,5.82816533826224,6,"L"
33.5247707227245,24.4516756931756,-2.12655898529702,12.4310844660491,10,"G"
33.7555899308063,74.0318770482581,-2.19571971246874,9.54431747649703,8,"T"
33.8434986793436,12.8146972227842,-0.538706868335541,12.3255056081177,2,"W"
28.9316778793,40.3836367918614,-3.66686423918395,10.3230610370108,9,"P"
34.1039298218675,4.39238583525224,2.12239848817222,8.6512747449466,10,"P"
33.4276944492012,30.1363344757322,-3.18490057808515,7.84117991366043,3,"Q"
26.8681676546112,161.577432947725,1.08540068307382,10.2748998044,6,"M"
33.8806026033126,35.6036740342591,3.16227504516075,9.1226257892277,6,"R"
25.6984841008671,3.61469579762962,0.0622921850133033,9.64437166621029,5,"S"
27.3307784972712,29.6181201270286,-0.267771177478578,12.0644039380351,6,"Y"
34.2796919471584,16.1906328890473,0.962829574542535,9.06135447749402,10,"M"
27.0837050839327,3.41772340703756,-0.343520709344695,8.09047077971979,8,"Y"
28.2594758295454,18.6513182753697,1.0443501253144,12.6961990223641,2,"J"
27.7181166759692,78.1740220412057,0.128920290879302,10.5364989469639,9,"O"
27.2851594933309,66.1639147400301,-3.98986000512056,9.2195800716721,10,"B"
28.8186273048632,9.17998191900551,0.963792897932058,11.591064333423,3,"M"
27.4863989441656,2.54511971957982,0.832678273767106,8.70246979812985,6,"D"
31.5980124427006,18.1486970912879,-4.14816885080657,12.7416834004579,6,"Y"
34.1549829463474,29.7112043189321,-1.97265726057044,10.8075621997769,5,"I"
33.6746029276401,0.348715698346496,2.1468056773242,8.45408649039969,6,"L"
28.1348193646409,19.5817578909919,1.62743515744053,10.4147647759076,10,"G"
25.8204882103018,68.7640764340203,1.76528874076364,8.75226293794918,8,"K"
27.6551702595316,7.09082693327218,1.03901007270942,10.7088111659942,2,"Q"
34.9852644093335,12.9862512098947,2.21935325002315,12.3034108602217,9,"H"
34.9033480952494,28.5335267508838,-0.567998460693444,9.04539868025788,10,"E"
26.3393074320629,62.6293833311617,-1.60526735662862,15.2510689988486,3,"U"
31.3731521996669,20.2244447730482,1.13428510065292,9.31145775741577,6,"W"
33.8163980608806,34.7057484357122,0.102491746157354,7.97676365197471,6,"Z"
28.1030349782668,54.3689866525061,-2.67248777745848,8.27197489482561,5,"U"
33.8047770760022,3.16208891104907,4.80720962585235,9.66322196370763,6,"T"
34.9187120026909,15.2529619401321,-2.96820529952249,11.2924345599053,10,"O"
29.7292806534097,8.33632879084972,-1.50416225180624,11.2770212773249,8,"S"
25.6256798608229,27.1585843047563,0.101800975831283,8.34142226462098,2,"N"
27.8755212831311,1.93028042558581,3.27668495750108,12.2793483635248,9,"R"
25.4130083858036,74.3753907977979,-1.12186797083903,9.95996049248489,10,"G"
30.9539835341275,56.32206659512,0.384365679063998,10.5228735614997,3,"G"
28.1313226674683,3.66351261734962,0.209062982300478,8.34127182454336,6,"O"
32.246851993259,11.4326380519196,-1.12321302998437,6.42355516884401,6,"A"
31.7825288930908,122.331862610983,1.2969841418435,10.468281202036,5,"G"
29.1362447873689,13.5366241081172,1.2369639124823,11.6506467424833,6,"N"
31.5124499797821,1.39203091152012,-2.13732191647536,8.40023710551925,10,"R"
28.8387731648982,81.2257918491404,-1.4126226754181,7.78711115904969,8,"G"
26.4742690441199,105.608993573783,-2.58361326782186,8.7977579389343,2,"D"
25.4356491332874,19.5233991284083,1.44042448131241,14.1179028324882,9,"W"
32.6786864665337,62.5939526557367,0.66922307091042,7.49403287256976,10,"S"
30.8094192575663,62.0714484502502,0.903424668832052,9.22781651082165,3,"B"
29.7030907147564,4.81758181455491,-0.17037922966467,12.3393058358163,6,"Z"
32.8949970193207,28.1656736316659,0.455377624564132,13.3033163720527,6,"G"
27.9363706265576,4.96224367059767,-2.19178181002001,9.59084976920988,5,"M"
28.0279367906041,6.07797715812922,-4.2388261417199,10.2441090837587,6,"S"
26.7633866076358,4.53920729923993,1.0808873603509,12.3867886978374,10,"O"
27.1109766559675,10.2108523352634,0.688147234584816,14.6587008914527,8,"G"
28.9008204452693,21.5652906137023,3.77146287359046,12.4745134593561,2,"W"
30.9410169557668,21.0248836396698,-1.94109144328579,10.1891091061311,9,"H"
28.0301729240455,19.7244653105736,3.49267012939112,12.0930597490539,10,"D"
33.6077297641896,11.6459629044805,2.78012926990758,9.43545694407535,3,"A"
34.5695426315069,2.29289400391281,0.764532068817699,7.03578918408678,6,"Q"
33.9045388484374,9.25884266383946,-0.94463482926757,4.85411555643945,6,"T"
28.9312397269532,38.7055064352665,-0.000478761971909115,11.3644750350049,5,"K"
27.2244980139658,122.841287416624,0.484730309830216,10.0005469700678,6,"A"
31.7380420607515,2.46078823227435,-1.3358753488524,8.53010470575193,10,"B"
29.7609758772887,28.6003355483029,1.13840465533978,6.89311011379021,8,"W"
28.2137962779962,26.5175261596232,1.05327795235515,13.0610282025574,2,"L"
27.9086896707304,26.9870145140652,-2.98541976495996,12.9248426145263,9,"M"
28.4627164527774,72.1725947930854,-2.99144771259813,9.5632126279056,10,"I"
26.500727951061,53.9152598169572,2.42588385815009,9.83815704192723,3,"S"
29.9051697971299,3.72578620444983,0.842390659687751,10.4736118971511,6,"P"
32.7324247453362,11.5932063013315,-0.259058409275907,9.04564769711779,6,"H"
27.4941620999016,26.9232986947957,-1.53059460438227,13.1745952507305,5,"X"
34.2338440404274,13.9399723196402,0.281545071788192,8.76157303000211,6,"S"
34.5812068250962,86.4589482305542,2.77252854439621,11.2580158906019,10,"O"
30.4390300018713,15.0814401358366,0.845605930733666,12.3091986900371,8,"U"
26.707698374521,15.7672786619514,-0.94377831063545,9.99167546937421,2,"Z"
26.9410805171356,58.0457991150148,2.23555684878314,10.0043566055849,9,"O"
25.5521071981639,2.15174969428997,-1.49191335370026,8.95150951895953,10,"V"
30.6591428350657,11.9629746442661,0.401032593508075,16.8295112805149,3,"Y"
31.696530841291,5.02854810096323,-2.50581500292625,8.80722178289193,6,"R"
32.5630098301917,10.2618949580938,-0.00664096815804902,10.083489376361,6,"T"
28.3886791951954,3.8030437315147,-0.0181565498374765,8.85605028294282,5,"O"
30.3025162033737,35.2089523883972,0.802298143724733,7.06357918024889,6,"N"
32.1178682288155,19.4133562361822,2.29693253712066,10.301389278391,10,"X"
26.5993325132877,47.8009744894631,-1.60880162088968,10.6740876156424,8,"R"
31.714589628391,83.5280792021335,0.488361310392194,16.1496928440472,2,"L"
28.3825884619728,25.7594333156342,0.842976430662583,15.3812322533565,9,"V"
33.0079100187868,2.27019321402985,-0.940301646677574,7.47297432212294,10,"W"
29.0596448560245,2.16674188478075,-0.146335438435622,8.4290233372653,3,"E"
28.1131708994508,28.3013093061268,-2.05436674247684,9.0122527223384,6,"A"
34.927110618446,68.6079614064482,-0.421304831540952,9.16536431963283,6,"N"
33.1815199949779,0.401495355181396,5.35653815852625,12.9830735760788,5,"T"
27.9407546273433,40.1204801524494,-2.94762984206042,14.3776575608546,6,"T"
30.8711213176139,30.7594830437068,2.78834831602878,9.88804260962462,10,"K"
32.4816320138052,69.6530066579025,0.240371146639115,8.0663810892652,8,"E"
34.0515198255889,40.5520210961316,-1.18173475178217,11.2390070644082,2,"M"
32.5197119591758,10.9315138589591,1.14860412483163,10.5138974900641,9,"Q"
27.7836187672801,58.3825253111251,1.19258423146794,8.68609542772464,10,"W"
31.2086003413424,104.343551746574,-1.82279741826676,13.3780149553787,3,"J"
31.3943011709489,19.9276222055778,-1.8514057630231,12.1062456265656,6,"I"
31.4357444131747,18.6795357149094,2.45454002774577,9.11095029390716,6,"N"
26.7346847685985,2.43084194138646,-1.54142597731728,12.6569411345738,5,"H"
34.4151371205226,3.57792096916483,-5.4062347731314,8.74595226100522,6,"J"
33.0756505322643,3.77276625113709,-4.15410277947509,10.7569166897759,10,"W"
28.4868771932088,18.3451117482036,3.97383573812578,10.0648947905588,8,"E"
31.0547414771281,85.1290436604435,0.220436602817988,10.9244642045053,2,"N"
34.8888875660487,10.778268976137,-0.389700972320169,13.0688070680828,9,"C"
34.9672987405211,5.32777187414467,-1.61575904883784,9.25328949117574,10,"B"
27.4085731664672,68.8921868949573,-3.59274878121772,13.4114846143667,3,"T"
34.30629610084,11.7050202330574,1.04117242204341,8.25132821788684,6,"A"
26.9799297233112,22.8913784101625,3.99429449765383,10.7611569061258,6,"M"
29.2397366138175,78.259660057668,0.821265389752795,6.01007243832005,5,"K"
30.514255836606,14.3340632831678,0.141083808796745,10.3708667514405,6,"N"
32.7900086389855,72.2221154122989,1.57596949841569,10.3777465159785,10,"Z"
26.2795351631939,7.41607433650643,-2.67436613954336,7.58434883819348,8,"F"
29.4250879529864,105.448965740608,0.576425307332659,10.8464135878258,2,"S"
29.7929503791966,5.68492247885864,1.94320532022497,11.1914480782522,9,"S"
29.2653983156197,43.6877966857447,-2.04749138946589,7.73905609105365,10,"W"
27.0233455207199,8.936937013641,-1.00692151268959,11.0019566007952,3,"E"
31.785229279194,23.5807379352063,2.41680228531475,10.195019974586,6,"L"
28.2987061655149,45.8306128506489,-0.351904306563534,8.70247297717491,6,"N"
25.8184119639918,16.8351538432762,1.29094206107762,13.7217503268083,5,"F"
30.7276644557714,0.929370945599177,2.62282863752895,8.86961410216071,6,"D"
28.7579251173884,168.363965292624,0.494429712019845,10.030570524814,10,"H"
34.3764008721337,126.630241528042,-3.09271241418139,10.7846703793238,8,"M"
29.4769683224149,48.5296878411778,-1.28318846498461,7.72270672593087,2,"B"
31.0474810027517,32.6731892476294,3.99201839289779,10.9129124098485,9,"D"
27.7532488922589,16.3283626316115,-2.414804864404,11.5266852145872,10,"R"
34.4740313990042,117.105842543052,-2.22153943707081,4.7350960877605,3,"I"
31.3999962247908,10.2419887203723,-0.0380228001361757,10.35214079418,6,"D"
25.1217840029858,13.1425460474566,-0.336614933433666,13.3586637321961,6,"N"
33.7681638728827,49.2890893925134,2.734898010684,9.74463247560279,5,"Y"
30.0049395207316,15.0465034134686,0.570778394107326,7.22628795446054,6,"C"
30.4506236198358,24.4650914041761,-0.70244384021172,11.6139658439408,10,"J"
32.5498078018427,18.9906666520983,0.284730313631868,7.95825768963777,8,"B"
31.0846088686958,27.6510345066283,1.72955851698974,10.0055042735704,2,"V"
28.0466751568019,4.43145820025108,-1.81272738142104,8.5267698721654,9,"G"
34.352258821018,34.288859976123,0.128395560466253,10.8107251828235,10,"D"
28.2616787427105,1.52588880155236,1.39103931988068,12.994984116675,3,"L"
25.3201970015652,15.33668466378,-1.920825262087,12.5471854277375,6,"L"
33.9153644745238,29.7249800047342,-3.23288944562153,10.3913434297316,6,"S"
30.7889539725147,50.5536099311836,2.24429137944939,8.0655191909892,5,"B"
29.0966910496354,8.64735501352698,-1.86112408737015,12.1105072257577,6,"R"
28.3389905304648,28.5336360883196,-1.81454631561383,8.37307870203407,10,"V"
33.8258268288337,1.33348405826837,0.612113965356763,12.7729943037212,8,"N"
25.2621595840901,82.0267665162127,-2.55751367629745,10.6381629362423,2,"F"
33.6227782862261,1.44672196870761,-2.37453166331419,14.2652415883071,9,"Z"
27.6252190116793,39.3700152250443,-0.729873038557793,7.94864325206696,10,"Z"
27.3113018833101,124.781218722352,1.53259211486639,11.0122926596423,3,"D"
33.8151000905782,22.9170607297186,0.283051051071275,9.59209031823865,6,"B"
28.6894687335007,30.0908390419993,-0.722771664284858,10.6824579754475,6,"S"
33.166535187047,1.79048105143011,-0.164384577678885,8.93591661122721,5,"V"
28.0788215785287,24.0574205561045,-1.17731122827964,11.1109400807854,6,"M"
28.1723545305431,12.5404042610899,-1.18072408302185,8.15904276755783,10,"T"
33.2848592638038,69.9238008036654,-2.46925299763177,9.15979616547193,8,"R"
32.994341282174,19.1740325884894,-0.174425746343099,11.3490194674874,2,"M"
28.2566980016418,24.9362755367968,-0.0913882777260529,8.87478152879512,9,"K"
30.542337987572,27.8348649466846,-1.88807084908255,10.284774132984,10,"O"
32.9002473829314,36.5353061991248,-0.368785824335736,9.3348014441402,3,"Z"
34.2857431760058,80.2323509156149,-4.5374299921339,8.58924326668211,6,"L"
29.151656657923,17.1916533261538,-1.85563956254599,8.0598524006969,6,"Z"
33.9992016297765,44.3775192436702,2.38779328532171,6.41130770113083,5,"S"
31.0822972143069,31.3318618094984,-0.708950859423031,12.7768489284062,6,"J"
34.9703739280812,5.16098893247545,1.10886101499293,8.45008477730031,10,"O"
26.3352983328514,31.2237114522518,1.0307886579984,5.63813461608802,8,"U"
28.5540344961919,67.7770638614338,0.358851977681582,9.62839591899698,2,"Y"
30.5033691017888,1.07740365900099,1.29343087172788,13.4523879429117,9,"M"
34.924142153468,17.3745120456442,-2.02236860406739,12.6015269691837,10,"K"
26.3600093219429,44.2602699411042,1.24900386358448,9.3876940906375,3,"X"
32.7107464894652,13.1527809798717,-0.463797285567825,10.0443281947819,6,"W"
31.0388261498883,21.3061904801492,2.03525611414554,10.8827959907861,6,"W"
32.9209485626779,23.7748664652592,-4.34655080819876,11.1052585647268,5,"U"
33.6643860116601,5.64224044326693,-2.86151157456868,12.0518601468778,6,"Y"
30.6830237014219,54.1761209604271,3.57740947554111,12.3504414144478,10,"R"
32.1745166298933,40.034227882183,-0.301243992008546,8.86486559834121,8,"D"
27.9251375305466,27.4385920526421,-2.09218271221153,13.3212272054958,2,"N"
28.8921319064684,5.53116379771382,-2.36223387816588,4.54779188276505,9,"C"
27.6603935891762,16.1005519609898,0.042211902259441,10.0975955403511,10,"I"
30.1820212230086,20.7928813202307,-1.70520681696673,10.4919735974964,3,"J"
32.2088140645064,78.2772348969619,0.119837546457727,7.86102331312292,6,"X"
34.9819380277768,16.1315912889093,2.12211540534622,7.7873018467333,6,"N"
32.44894789299,82.9001656323116,0.321781883820436,13.1010483850468,5,"I"
33.2103455695324,61.9003045161195,2.57964400324414,9.8584881155129,6,"Z"
31.5789744607173,16.0677920747548,2.09821049596595,13.2714355527075,10,"U"
29.1022364562377,92.6794523695364,-1.45510059250112,11.3519658802927,8,"D"
25.542357978411,8.0442408984527,-0.029970401649654,12.1301733326551,2,"X"
30.3466841578484,1.40943691134453,-1.26780273120097,9.00158069148309,9,"D"
31.811567414552,31.8268033570114,-0.79905490117021,9.94535247885406,10,"L"
34.376430248376,90.6336468407765,1.5395667082548,10.0290597084421,3,"N"
32.7876915759407,10.1035371841863,-0.00641372157706378,10.7326709091952,6,"W"
27.8985070972703,7.15689544100314,0.678414328192967,9.835970800076,6,"Y"
33.9209195249714,64.9349226578515,0.68263463907593,7.83560365607022,5,"S"
33.2840991206467,5.95333680510521,2.23484951646092,9.32431701207974,6,"P"
33.7339031440206,7.52771465107799,-0.345752789956877,10.5444433155181,10,"X"
31.0958006232977,12.6942573767155,0.397264423212304,11.9106790428264,8,"V"
32.3168972809799,7.28819039650261,-1.41623780481114,10.4848917595203,2,"I"
30.9227287303656,1.70224864922173,1.68137870218698,8.43731560590692,9,"H"
28.5294519900344,16.4838351029903,-2.03990256955126,10.6996565686438,10,"H"
26.6846453282051,21.1722276796301,-1.14786718572856,13.1681479145217,3,"T"
31.8013550154865,68.0993877127211,2.41494372632586,9.10951470525929,6,"L"
28.609330537729,55.6299375903733,0.467125580462224,9.29248061688553,6,"M"
30.2793570281938,86.8307507744221,1.54384528674667,10.0295408222996,5,"G"
32.4713146663271,140.606984153279,-3.91097296901229,6.99130883582283,6,"O"
25.5136491940357,12.3935995716602,0.514178546664304,11.5972400508601,10,"L"
32.910455269739,26.9846425472263,-2.52272659337363,11.7568980467593,8,"I"
25.8069529524073,16.8142674677074,0.0677667796651565,7.50388982927545,2,"W"
30.4995225835592,5.29838760383427,-3.18947874427178,6.69700480767716,9,"Z"
31.8139181914739,62.4416984021108,0.0974873626833388,11.152505812374,10,"B"
32.0375243132003,56.5608611037392,-1.23818013370174,10.8868738822707,3,"U"
31.2995363306254,38.2554780176061,0.771980910903712,9.73316976371762,6,"F"
25.9240119368769,38.8201376836906,2.15266400828574,8.53899584712152,6,"U"
32.0395421260037,8.88416355941445,0.951817843939333,9.9990286186,5,"I"
29.2532076849602,32.3468197031382,2.25895228865618,10.9992746988431,6,"E"
29.6835324959829,142.530231729039,0.837011140098191,7.21591809271936,10,"I"
33.0329076712951,31.2264618795933,-2.07416147261295,11.7015139586998,8,"P"
29.7214684309438,28.1396160820935,0.309566736241939,5.78904018688716,2,"J"
30.6964450515807,0.34620791435172,-1.07191325206822,10.6604381268996,9,"T"
32.091205290053,47.0635781784482,0.0226142857026326,11.9180712419443,10,"J"
33.6882113479078,17.7819279162213,0.131047810879338,11.2195031540226,3,"J"
34.704762364272,40.1771224836323,1.53904694534273,11.902806955322,6,"E"
31.0460088541731,11.6225013528065,0.476191739361272,15.614663679699,6,"Z"
31.9220881629735,5.6552582513541,-0.528179707140661,10.9882935695894,5,"Q"
29.7813368123025,23.8258888012371,1.15042480532913,6.42113568669928,6,"H"
27.0333089330234,6.54841839835093,-0.486899906752309,11.8634939375993,10,"F"
32.601879988797,17.2096567321569,-1.3949434570773,8.20664575458278,8,"N"
25.3730886313133,11.4156836550683,-0.480189176579759,11.0297172262265,2,"F"
31.0954006784596,14.4412078382447,3.59183258258772,8.85274305531794,9,"S"
27.434129610192,52.7866387900837,2.54839049923613,8.84810425853352,10,"M"
25.6441985839047,3.53827646531386,2.04915375654059,7.86849695663291,3,"L"
34.4554594880901,6.05833563487977,-2.16546711282672,10.8851759401381,6,"C"
32.9355992912315,8.10373507314369,1.07521393635807,13.4344390254211,6,"K"
32.9487885092385,11.3789065461606,-2.5777893009147,10.6398259346316,5,"D"
27.7672585076652,4.8126390343532,-1.57040315872824,7.9610644630868,6,"Z"
28.2664761389606,205.137834034694,0.11290666214293,7.20324842024345,10,"Q"
34.5919753005728,7.09074565085401,2.05307207500372,12.1752934287715,8,"Z"
33.629358059261,24.1220741313964,0.279560273484997,9.17891472117913,2,"B"
30.8827905845828,21.7007188037453,3.03821114027672,5.54669021981864,9,"I"
29.5724580460228,27.0817209953878,-1.90973356811046,9.16727678578698,10,"X"
29.1279340581968,24.6420963688031,0.611023748700618,9.77305475700873,3,"F"
29.0281303809024,109.393526029991,1.38914141660486,11.7154332979332,6,"J"
27.4476832058281,21.5163373900196,2.43932260606358,7.96279318861262,6,"E"
28.2264652638696,68.0260602790213,2.53311714583216,6.08815187819436,5,"P"
34.7828610846773,33.5614048025075,2.47093494632148,9.42276744101047,6,"Y"
29.0762499207631,16.9014761969447,1.4471013379258,9.65026923501403,10,"V"
28.7542008748278,33.8453804441004,1.0406769010493,10.8879610402779,8,"X"
27.0300690829754,8.63210910371617,-0.855492571172494,6.86965725320225,2,"E"
26.4956873771735,1.78564560133964,1.05559643799044,7.41961481755146,9,"N"
25.000526336953,4.62974012363702,-1.8382322880595,9.79227854365134,10,"H"
29.6970059443265,17.4526704708114,3.29201142837498,9.72006182202733,3,"C"
30.8063520584255,23.9195396454543,-2.78907263827912,7.90852724639349,6,"U"
26.1603336199187,55.607786638966,1.22930670015908,9.9183613091596,6,"K"
32.7945646294393,4.38275061261398,3.2327095519854,13.5201175071692,5,"R"
26.4648543740623,7.99629378598183,-1.27591587267143,12.3307844976578,6,"R"
26.5498198592104,14.8502823594894,0.280285082472887,8.83493359610275,10,"X"
26.1621284019202,39.5478925934497,2.20824066866312,10.8048104892738,8,"P"
31.6914563858882,2.48665487421762,-0.914111270338139,8.89464668901345,2,"S"
30.1740974932909,37.5064970024017,-2.62370754587258,14.3546686571419,9,"M"
32.0254921307787,88.3175660619393,3.36497384102732,9.0184278535596,10,"U"
33.8393713277765,39.4279693240736,0.658940844993707,11.8055188107911,3,"E"
32.7433067280799,2.09123302716762,-0.872793871117487,13.2099713702396,6,"E"
29.2275372962467,0.219588955892814,-1.3616717231541,10.4089840316924,6,"A"
34.6211624634452,14.2232416430488,-0.870367529516177,8.48516266572267,5,"X"
31.8003293313086,19.3136681802571,0.0237131154200393,8.63259861319752,6,"O"
34.0424047247507,9.18573919683695,-2.31609293755666,8.51812967880934,10,"G"
31.0517323343083,80.1310749500435,-2.27619296587702,11.0558832346442,8,"V"
32.2393641341478,9.59017845802009,2.9307545394787,10.8842626164296,2,"R"
25.2348245121539,12.6269226707518,1.46251069674506,12.8141549229198,9,"B"
25.2587356464937,2.26194568444043,-1.82756513495468,9.95437002943305,10,"V"
27.5252942391671,42.8045033734047,-2.78501341611866,8.89310024174799,3,"X"
32.7281985944137,16.1196260014549,-0.373764093560649,14.1636355317367,6,"O"
26.8308978108689,51.4574676771054,0.691110623313336,5.84144673278604,6,"V"
32.2271603555419,66.635089579284,-1.48917874597033,10.6710350094944,5,"K"
25.476242583245,19.3999169860035,3.62079128552237,10.4474822604829,6,"I"
31.2460257858038,56.1428967651851,-0.461963704523063,9.88886237765335,10,"Q"
27.6540631707758,70.6086688790913,0.968789677816624,6.72191752099546,8,"O"
26.25892133452,121.422144931959,-1.00524414715077,9.31397543227536,2,"I"
27.6176434406079,30.8685031334374,2.88386468736439,10.781240242024,9,"G"
30.4428777075373,4.59986643400043,-0.422304485081419,7.36567513680284,10,"A"
27.5986828259192,103.428413266863,0.980702977713646,9.72750752604507,3,"J"
29.3157157744281,34.1799924416903,-0.521261109809685,9.02623582756394,6,"N"
30.0367797142826,9.54703110270202,-1.22447741383365,8.74754095537086,6,"W"
33.9318191329949,25.346672026646,1.25307185659588,9.7195806304959,5,"V"
30.6783221871592,26.889438960727,1.30470490476178,13.3660128359214,6,"B"
29.8271626862697,70.5669763348588,0.320561029229984,9.35351103169779,10,"N"
34.3623696500435,2.22153912097842,-0.244614675631169,8.81367218103328,8,"Y"
29.3310783011839,3.40921197552234,-3.14103416255411,8.03571549091275,2,"U"
31.8152699596249,3.45941599924117,0.944532729759598,11.194732398418,9,"R"
27.7291749906726,59.1979725074895,-1.975604326186,8.89197615269409,10,"P"
25.3546243603341,9.63608765043318,-1.36423617843559,11.9109617030668,3,"R"
32.2684721811675,11.798116969876,-1.95316826016981,8.6759773269793,6,"X"
26.3985747029074,33.83211501748,-1.06948051876069,10.2042354630204,6,"G"
34.3759372550994,81.5093675031703,0.570017580755566,10.2605592119241,5,"L"
28.9890477596782,98.3047845164194,-1.9321119378834,6.76415711096155,6,"D"
25.7875334843993,8.48324758931994,3.53085185619002,10.2507903258398,10,"A"
34.0880348719656,130.000788079077,-2.04137369344806,7.01961540285731,8,"S"
28.7354741664603,65.6600807124602,1.22848453296908,11.2094173407546,2,"W"
30.5811274773441,62.5386058612955,2.44470422098317,10.9027230851326,9,"C"
32.6346375374123,11.5137293608859,0.367785268316289,10.2561706138662,10,"D"
33.8224362954497,1.11771445428276,-0.0938446990235323,6.74486911345943,3,"E"
28.3818324375898,19.1771844075993,2.48078515921285,11.9299362611326,6,"T"
30.0110637047328,8.62224336247891,-1.69559947272055,9.77116392148948,6,"Q"
27.0970332506113,42.183463272912,2.05373202246693,12.4747833288139,5,"N"
30.2866278076544,26.6122898451844,-1.4525269444215,11.1853023896787,6,"H"
27.4282820220105,8.30590455742785,1.1518417718971,4.75445577611121,10,"F"
27.6647116220556,37.1451239368383,-6.00221858367863,11.2452679226785,8,"T"
31.750204525888,12.5609892931531,-1.34197922322102,10.0379899491492,2,"L"
26.1855236720294,4.86042852513492,0.227554933305446,13.0261966513789,9,"I"
34.1357291839086,34.7171869646204,-2.90794569212091,11.7072699288005,10,"G"
32.0152468234301,9.16973391082138,-3.33308591820086,10.6333465269096,3,"S"
28.2502665626816,7.36583572346717,-1.21515080956545,10.4001590260902,6,"E"
32.4617281672545,62.160012477351,2.48938364460606,7.89559706716861,6,"Z"
28.0301623605192,9.01028428226709,-2.150448772926,12.3526059921101,5,"U"
32.3416858143173,57.3290055778749,1.70983224428107,8.40126985511017,6,"N"
26.340269446373,5.78638550310472,0.797535593827387,8.88836568968543,10,"D"
28.3869284833781,9.98289001174271,-0.176720285107561,10.9968930423079,8,"B"
32.7415178110823,51.6859092165656,2.38295880524589,10.3448360493909,2,"D"
31.2457706686109,4.87791003193706,1.66820117917466,10.5835597254351,9,"C"
25.624354723841,9.18701263845682,1.09450921279301,11.3918231197759,10,"Q"
28.9251311472617,18.8863573176786,-0.284843560291719,9.40690523966815,3,"M"
31.7421651701443,39.6442175923351,-3.04994948899364,9.02345711303631,6,"G"
34.3121077655815,38.5834534081135,-1.3203297335099,8.49007956936935,6,"C"
25.1678978977725,11.4841754124414,-1.98608621413771,9.13707183961241,5,"U"
31.5980326058343,98.6220990070954,4.6973614619828,9.38964857692207,6,"X"
30.0108623527922,19.1135642817244,-1.01871883837601,12.6145101060284,10,"A"
26.3018088415265,8.41794394396495,-0.96014000612257,7.48583771452911,8,"V"
33.201813835185,10.7766969483,0.035787365348988,10.759303038144,2,"Y"
29.5136649603955,125.01085962344,2.83427932578643,10.0371760300219,9,"W"
32.8817639453337,5.04309138986767,0.83329214248926,9.80333062165369,10,"Z"
31.7507560225204,46.1797164914138,-0.111530438854995,9.2754572116275,3,"C"
29.4540773006156,12.0127476425841,2.54048143372898,7.10263847951551,6,"T"
34.6161584695801,41.4367240189079,-1.73210264402122,9.26893053215297,6,"V"
25.7495513209142,25.5008218331698,2.28527530289845,9.72252139599683,5,"U"
32.5640337844379,152.095051797268,-1.69039547216374,9.6209545461913,6,"H"
26.7775682895444,4.76833630833281,-1.25746860938148,9.50557875165122,10,"M"
27.5994471623562,26.9445860250799,0.307531050078929,11.35473123375,8,"L"
30.4630140797235,4.97088952149524,0.992213000118795,7.18990397423778,2,"K"
29.34187798528,17.9059098567814,-1.02161303315028,10.9848271212187,9,"Q"
30.2042205142789,16.343231247738,2.81802316745099,6.06498247409047,10,"J"
30.2375711360946,36.8677156422087,2.99412299219447,10.8025310437721,3,"N"
30.8825177396648,55.859761831624,1.92708904688578,7.35290245402005,6,"V"
30.8596953377128,32.6311938731436,-0.2260920023856,6.12788926868934,6,"N"
30.7747238292359,76.7124232053201,2.56034255845097,11.0965053906074,5,"A"
27.6841429551132,94.0305477792326,-1.31789084343035,9.15101698489881,6,"V"
28.5505160153843,4.21007589514138,-1.88141540463893,11.5946005324207,10,"A"
28.4818090149201,3.75369679648429,-3.80386559909738,9.71730181785223,8,"G"
26.2115793745033,45.6182042309656,0.870646195446682,8.03303554069636,2,"C"
33.2618874218315,17.4573909351602,1.06436706784276,8.98869050515787,9,"L"
30.203055604361,15.4832508059873,1.62089811739596,8.91826633476493,10,"S"
26.4143793820404,31.8525684053514,-0.726558696856192,9.00135306865733,3,"B"
29.7460988117382,23.7329946911398,1.8861489335033,11.0209595787842,6,"H"
30.4909975337796,0.271682348102331,-0.109574490812867,11.0465319975621,6,"Q"
33.2694432954304,17.0439156191424,1.11850300444977,9.71881022727921,5,"T"
26.8373164278455,9.8483926360327,1.29956416948632,9.28107077388824,6,"J"
27.4626261764206,34.8519293578777,2.89379270099285,8.89626604257971,10,"K"
31.5843030996621,22.5330161197547,0.840726975719069,10.4447638594114,8,"T"
25.8820395637304,10.8773937251838,1.67203375662782,8.23843321416453,2,"L"
27.9046422033571,45.9228612271078,1.90045162196371,6.47462825061925,9,"Z"
29.819711165037,11.3958502979949,0.742473953517482,10.7900325642458,10,"P"
32.8273083292879,19.3208847753704,-3.69631137112743,7.92564069283926,3,"J"
28.3503295481205,3.57774653937668,-0.196207368083025,12.9101811736716,6,"F"
25.786156677641,56.0425214071698,0.637064062349974,11.8654789532295,6,"C"
30.9887361596338,33.7746123677555,-3.34614814982415,12.3901596250709,5,"F"
31.0194991645403,49.4136924457677,-0.632043319690916,9.20177551466424,6,"L"
30.9370694239624,1.44813501276076,-0.602223749711707,13.5774124094594,10,"N"
33.176458152011,88.3849726566925,-0.521508932705519,9.58138043576254,8,"Y"
25.8013738179579,9.23339378050285,0.992800484190434,8.52134884142212,2,"E"
31.4548102580011,41.5295987191114,0.152286877609594,4.25573724506989,9,"S"
26.7234493163414,57.6886943329997,-0.786283390167788,10.8015315128999,10,"C"
27.5116229034029,3.0134009486894,0.102381656169971,10.6771528651688,3,"H"
28.6070421105251,10.5033755933163,3.22025655650171,6.47515935723195,6,"M"
32.630650124047,93.4146174738064,3.36700097884274,7.82784990721021,6,"M"
34.220032109879,36.2321390478376,1.29887999758162,14.4088262696473,5,"X"
27.1016064006835,8.49194412119687,2.3833867174907,10.9446956203295,6,"G"
29.8557263659313,11.188684059307,-2.35515820167138,10.5657531619063,10,"K"
33.466592929326,59.8680805762239,0.961124175560419,11.204142619527,8,"N"
32.1894158609211,15.6847453443334,-0.919531023220855,8.074828441491,2,"X"
27.3124075355008,10.5300815496594,-3.82068090392849,11.7427673975669,9,"X"
34.3628440052271,8.08271664194763,0.0959035518298279,9.82107604209923,10,"T"
31.3052226556465,29.3738324089412,-2.2074705990176,9.61338551279957,3,"I"
34.131885888055,36.8361827439133,0.504141724997588,10.052608925698,6,"I"
30.067092536483,5.49128854181617,-1.63672601840662,7.19760977017541,6,"V"
33.5067931446247,6.07701105174573,3.30944093686512,7.54653326346525,5,"W"
29.2279617791064,22.0560930936102,1.31824988536016,5.33784088448615,6,"O"
26.0936749400571,35.4093482425872,2.40810585743795,9.73602171684191,10,"M"
27.2360052331351,26.1236205622071,1.55089560163574,10.1203301131579,8,"O"
34.3890300136991,6.68513410259038,5.05801729158377,7.27779817408486,2,"Z"
28.7076045922004,5.10199191514403,0.418045493648499,10.53503735205,9,"N"
29.5502085937187,8.80794399417937,-1.72198284080787,10.5451178509447,10,"P"
33.3133542281576,8.27658313326538,2.80360827306271,9.55957636127811,3,"U"
25.3620818955824,137.115348830708,-1.96539296268688,12.5040682523096,6,"W"
29.0173821081407,56.9821317017634,1.84800772623226,6.3267516125401,6,"H"
26.517932661809,29.9482562510222,1.65208814514852,9.47798224694935,5,"M"
31.0061129485257,64.7350323721211,0.296799922859705,7.17294297898743,6,"W"
28.3589671226218,17.5955222826451,-3.08931321363392,9.99418691206964,10,"Z"
33.4895152668469,8.13884507864714,-0.589969783468849,10.0806731261392,8,"M"
30.317523048725,9.45166055009835,-0.890628477206051,13.0084021088776,2,"J"
27.2594383289106,11.2871751154409,0.57545300566344,10.9779631605844,9,"T"
33.3872330817394,6.70840168635718,-1.8012697768431,9.36615968350717,10,"L"
29.6985654043965,5.94658648129553,1.01438503032798,9.81607576359077,3,"R"
26.0589348082431,12.0725007704578,2.97729021248525,11.7512939833629,6,"D"
31.7727602389641,45.1517446872718,0.892501677621547,13.4218392501776,6,"J"
27.2050442732871,58.4514836196728,-0.723407593801661,10.3818270079093,5,"V"
27.7610319200903,25.481364809579,2.59987756077677,12.6312318390334,6,"Z"
30.5245208274573,8.45418919343501,-1.55241189430151,11.5867085387108,10,"I"
33.140494429972,29.2988413882449,4.16443491201981,7.75383146074451,8,"O"
34.8498369916342,1.88410663779104,-0.0407328472769047,11.1149955604292,2,"S"
30.3659064904787,31.8550515721057,-0.15459153678881,10.8563068872676,9,"A"
26.2683632643893,63.7662494331043,-1.95611549035137,8.56565907636415,10,"B"
33.0491330241784,37.2751997573769,0.514645822217278,8.93719167406158,3,"K"
33.8049160409719,95.2582541802778,-3.35902117220176,10.7265602010319,6,"P"
32.388335079886,46.6198228753063,0.850858729059075,8.2542974471763,6,"G"
29.3040685402229,49.4508765798934,-5.07229696924733,12.9451506190864,5,"P"
27.9339751135558,1.17868923582137,3.4456360036315,6.27594289042795,6,"X"
28.5598611552268,21.3405361757022,-4.87336101545368,10.468086117182,10,"T"
25.8061136468314,2.707764966495,-0.333693174274718,9.41553279744053,8,"N"
26.4036802807823,3.47331739297553,-0.493662360209219,9.18765101041672,2,"X"
33.3856706507504,8.47151835914701,0.684868337595095,8.50858229342928,9,"Q"
28.405285438057,0.81134380149212,3.29622030260424,13.7912253497918,10,"H"
26.6345069906674,25.0265484286042,-2.94233666150976,9.56208072795495,3,"M"
34.6260843309574,9.8247601960525,3.68924613363893,12.1487416988156,6,"W"
30.0769884022884,263.725718766229,3.30462369072343,10.9148170344693,6,"C"
25.6701807514764,19.7800132445991,-0.400997452734623,7.30015021456053,5,"V"
30.5754703423008,5.79308726359159,1.88602552369647,13.1929760585973,6,"W"
33.2366902427748,4.59343640685471,-1.2224492204462,11.8345113652344,10,"K"
34.2072464851663,39.0283492660586,3.92861218748553,11.5670211187368,8,"V"
28.6817596876062,11.6134854986052,0.282006236186113,9.22185432495637,2,"D"
27.5897456333041,2.96086815185845,-0.765151167621007,8.99601444968484,9,"A"
28.1467316811904,5.14401057735085,-1.5841184487021,12.3148935224855,10,"F"
30.7351591414772,4.50656874105334,1.28727402086523,9.9652566864163,3,"Y"
32.3275848082267,24.1427364001486,1.12923732582185,12.3874813972695,6,"V"
32.7942813560367,15.5115018831566,0.792515979115505,10.2463073282205,6,"C"
27.0180327794515,52.3293383021779,1.50490304545804,5.57599854906317,5,"E"
28.88720856281,15.7913696554465,2.37166875875766,12.7014430267812,6,"X"
27.7457833313383,35.4418303804908,-1.53172964723574,10.5335782437871,10,"N"
30.4342747363262,21.0825028509379,0.385223334634198,14.1746505196843,8,"F"
25.5923204985447,9.81994314584881,0.966190478800978,11.0644834590596,2,"C"
27.502613440156,52.313884266732,-1.85613975622069,11.9594215071045,9,"I"
31.8570427852683,75.417821720187,-1.06807215237689,9.80609096480204,10,"P"
34.2821027687751,48.1530041408665,1.55782183645139,10.0328356594417,3,"H"
26.2193355849013,135.996511831769,-1.19363924179694,7.81500158096156,6,"Q"
30.7257089647464,23.887082262567,0.358799987872759,11.0559043978496,6,"W"
25.3225545026362,62.2200034906097,-0.179623297691358,7.19284208172317,5,"C"
28.5277321445756,65.0132086276453,1.83849309974921,9.26733534412689,6,"J"
25.5460232077166,45.7840924498565,0.309260833343779,7.87027736884871,10,"V"
30.2460355311632,32.684483319502,1.75326659239206,6.92681955492479,8,"S"
28.4561230777763,53.603396604662,1.6863764987114,10.9287744977014,2,"Z"
33.9034559577703,12.2408467764035,-0.938184567370394,14.0227236131557,9,"M"
25.09745008545,1.73102237931823,1.48682982768761,8.74964800981128,10,"H"
28.5965870134532,0.675931038083672,0.842125318714269,9.88499437808803,3,"K"
34.9687391868792,7.56199929675177,-0.619693868777281,8.28561064412241,6,"R"
26.0895361565053,2.87478545296271,0.690066541919649,9.49413467379233,6,"L"
34.9081934150308,42.35596909867,3.45878567631218,14.1991167642915,5,"D"
26.0437645553611,45.7772456084318,-0.629896914360591,10.3952735866395,6,"Z"
29.8031751671806,0.730564710684121,-0.458266631921696,9.43671046253643,10,"N"
30.6469674780965,1.80364983200318,1.90902779930827,10.5200201735998,8,"I"
32.9532887693495,12.6440292255849,-1.40223910440575,8.78421383999203,2,"D"
29.5537596615031,47.3549493205556,-1.56087437777504,11.9455556300516,9,"J"
31.3911240082234,35.3263611656305,-1.89768813762489,10.2251151598745,10,"C"
29.0689737047069,25.5753157484955,-0.18040021113346,7.85694967614601,3,"H"
31.8882488412783,54.6498059378045,-0.986367366627774,9.79226936504383,6,"C"
33.9198041963391,66.1323128416579,0.813670001621384,10.6597195255133,6,"G"
31.6771498462185,14.7870157330591,-0.0891854832564908,9.46988679682796,5,"X"
34.2126767383888,16.972195180133,-1.1088928729044,13.6524036718638,6,"X"
30.6051668990403,7.41004375275224,-0.334059885348018,8.50380581987312,10,"V"
26.6221433854662,10.7681481368362,-0.00728533710530138,9.4227447939807,8,"N"
31.9516246020794,40.8431103161041,-2.18275045607731,9.63804401122963,2,"V"
29.1237228317186,13.5487323207781,-4.5824833469546,11.4442471077523,9,"T"
34.6549416473135,21.686026611898,-2.82845539171515,13.138036533679,10,"S"
25.5330525292084,1.76110651615489,-1.62630632838197,10.3610976997691,3,"R"
29.9542770860717,29.3066554419641,-0.695563694761929,8.0839554302323,6,"E"
25.499818304088,21.167367332286,3.3201072580045,8.98947751811149,6,"F"
31.408021831885,41.34342206516,1.34083871213327,7.96969028121946,5,"T"
31.6259974613786,24.9680410724886,1.38996064681817,11.1727062792376,6,"X"
34.1434876061976,5.09950433297591,-4.44229057201688,10.9218647914177,10,"A"
32.8198718139902,34.7565901061685,-0.133064667494645,8.27045710004947,8,"R"
27.6558053237386,92.1479313025131,-1.96928615936097,11.3658093330691,2,"R"
32.2890656674281,56.2692715016134,3.46446596912875,8.58781722349584,9,"I"
31.0036494652741,41.1376325959775,2.64297054833085,7.73909919398649,10,"W"
34.7231826651841,32.4072884289984,-0.581749221020194,6.37535513583937,3,"X"
27.9286638367921,28.1904363992128,-4.49398507014261,11.1978231826848,6,"C"
30.5421169358306,4.81336581520736,1.08614681744343,6.60264744101051,6,"T"
27.0600391901098,6.75942423536441,2.10011257229299,9.20673176767287,5,"Y"
25.4177092760801,24.7681862755183,2.18086769336621,5.07533703512557,6,"I"
30.2341935038567,9.8696835944429,-1.64984961903445,11.8870023826795,10,"I"
31.4709975826554,19.5709204953164,4.58962778888001,10.7813424535697,8,"P"
25.3230027412064,23.912172386997,0.701725125125749,10.6298048263286,2,"G"
31.8264533230104,58.8279633943863,-1.68110674312982,12.4400767682268,9,"K"
30.9095745417289,1.37791241984814,-1.6515046648028,7.77594577959621,10,"U"
30.3100361162797,12.8564713709056,1.04751436415326,9.5400278647933,3,"R"
29.1229157103226,2.14470152965632,0.678513736070136,7.6386022330051,6,"S"
27.920678795781,24.3373066639963,1.82016548620093,10.413357318666,6,"Y"
31.9420156837441,37.3261970734659,-0.807384471793735,7.6354963710178,5,"X"
32.1217320347205,3.6660043143898,1.10990037009408,8.85744844540832,6,"O"
29.7311164415441,21.3326829100463,2.53374907219293,8.70767753705688,10,"N"
34.9957347195596,13.6463825963438,-0.300112725250381,8.8565182426274,8,"Q"
25.0532179349102,37.4464085964922,-4.15286931590492,6.93296723459513,2,"X"
25.9512064605951,5.01570562832057,-3.12124700605947,9.39968776861874,9,"W"
33.2444535754621,11.3336811913177,0.408146297845752,11.6870767448891,10,"M"
26.9732821290381,26.1393387323681,-0.997241825795413,11.9561136046726,3,"A"
28.4831714443862,35.1608938804332,0.527785954552463,9.49717776844255,6,"V"
30.466470264364,14.0212083142251,-1.67740665296454,12.3131247271273,6,"E"
27.9305422562174,25.844697652987,3.58159530189363,9.05038480013355,5,"A"
29.3895418965258,5.68193098995835,-0.490153414886336,10.643252878121,6,"I"
34.4345114030875,13.5049473540857,2.24285632783362,11.8941199164575,10,"N"
29.3371549528092,71.4121756851118,-1.54205965590548,12.5775555323565,8,"A"
25.8772578812204,28.072953269488,-1.28850009292799,9.90963592675365,2,"C"
34.4600621587597,65.9519231527792,-2.48555086933504,10.7255620346947,9,"A"
29.1689287382178,9.92212757002562,3.10533868571083,10.0699334839458,10,"C"
33.5711546544917,3.89222688507289,-0.582987243575049,12.2364451544644,3,"R"
32.3043287429027,9.84911281149834,1.91721017117842,7.24669408464115,6,"X"
27.9997235094197,16.0967962397262,-1.72873182159475,13.879754485992,6,"O"
33.7533036340028,2.08211428301147,-0.790294601318355,11.0707009880638,5,"B"
28.4962432645261,13.1096649728715,4.08336692636034,9.58938165380211,6,"S"
30.8430377719924,8.58375883195549,1.27257476062992,7.99299045115677,10,"C"
26.8506531091407,9.81024841105204,2.64608994768174,9.64370104270554,8,"Z"
33.1468118191697,27.3075913532141,0.433826604771144,8.86816369047796,2,"Q"
29.0425426117145,10.2292511472479,2.34451751836387,13.4162929522608,9,"G"
33.8556824321859,84.3605227371461,-2.05519923320053,12.0761560573598,10,"T"
26.7565493891016,15.8614758308977,0.888220657948389,7.52279098319636,3,"I"
27.4943407974206,5.13946422684401,1.79756256495314,7.35041540134852,6,"M"
34.2350188200362,26.6671032135171,2.40962868570536,9.62566746380977,6,"S"
32.1771652111784,14.9232043465599,3.96335232704791,10.154821078202,5,"Z"
26.4482602942735,6.7094553345792,-0.196492836557753,12.2894211637114,6,"Y"
34.7939383611083,11.4210031041875,2.13319283566649,8.01663426536333,10,"X"
28.4924651938491,1.13637529313564,4.1329222751737,12.2696951583413,8,"Q"
30.2223927946761,27.6719030596825,-2.02220736144059,11.7435149135476,2,"I"
25.2608362957835,53.2600021895893,2.42238360920739,12.0639517814525,9,"A"
25.4039868665859,23.8788344698463,0.78112122516515,10.0088006375201,10,"U"
33.1569229741581,50.8791332427155,2.061607967402,13.2008827901063,3,"W"
28.2256251643412,0.499830194748938,2.71515840112457,11.3780652927382,6,"C"
26.8429578980431,25.167327789762,-1.50831649794001,9.1112253868477,6,"L"
27.6896171015687,81.07742992783,0.924340597399259,13.3594509548828,5,"N"
29.3050585384481,36.4903181499306,1.6584570669962,9.26216419428118,6,"Z"
34.3505502515472,28.6348918160859,0.777375483144013,9.01779270240966,10,"K"
26.651834868826,27.3821755392913,-3.40843089720448,10.0840471303794,8,"L"
32.124235171359,23.722608758739,-2.00212627269974,8.45908982256922,2,"H"
28.7278293981217,15.925661874935,-0.336212810458098,13.0485861161173,9,"K"
32.9915868816897,9.48531171306968,1.25667788222986,11.1549629413802,10,"H"
26.6094599617645,17.0284460205585,-2.02482227429329,11.6700146730381,3,"Y"
28.1271132151596,11.2702830461785,1.47864279430966,12.1925842458802,6,"J"
31.0993891581893,86.1631519356417,-2.58158153449028,10.0107713564709,6,"M"
26.3037993037142,44.3387289133794,-2.90261557175838,8.89388509640717,5,"H"
28.490624264814,2.09118466358632,2.4556448346953,9.67054837810167,6,"S"
29.0981097146869,25.4883773612294,-1.75931300787059,10.1338402454105,10,"W"
26.3771835551597,3.15504142791332,2.1778755447597,8.75151152657411,8,"O"
34.657957025338,45.2324278254933,2.15333258028219,9.17673544394662,2,"K"
29.9431608058512,15.5097602494061,0.431413473493695,7.71144164224046,9,"Z"
27.7964306762442,1.36194368737503,-1.82425518451573,13.086762636593,10,"T"
31.4468544651754,16.844908897765,0.766597118404262,12.9227334639973,3,"G"
33.7423374992795,42.4327995057202,-2.36286672570318,9.01052917292887,6,"F"
33.8708012318239,66.1341776474755,-1.7752453996239,9.26179503016797,6,"F"
27.9675289522856,60.2470296596117,2.65687799659579,11.5654326612001,5,"F"
29.6079536969773,21.2351825168792,0.669172065515341,10.446520490184,6,"H"
28.8586528855376,18.7911728303879,-1.03755829764868,9.03027841216347,10,"O"
28.8537566666491,7.34014037065208,1.98865276057625,9.84459418987498,8,"C"
26.7959834355861,9.73275173921138,0.862054079589197,11.8129650316882,2,"S"
32.2382689709775,1.4559037797153,1.70703932475648,5.03564067790312,9,"B"
28.1126432213932,24.9835754760433,0.406016230401108,9.77588978660239,10,"H"
30.4485910385847,4.78034047108457,-2.23692974720999,8.7379944784275,3,"P"
28.1260091695003,27.7526052283559,-1.71398987819133,9.52322551304362,6,"X"
27.9917390481569,15.9979851543903,-1.81399695311511,10.4954613978898,6,"K"
25.6293137255125,20.692388350144,-2.43223310418559,7.22355802443285,5,"Y"
26.8060104711913,3.85545449797064,5.20177891618397,7.82294865613087,6,"M"
31.0594617668539,116.264097404884,-0.27561801692101,7.42103720285914,10,"N"
31.815147344023,22.0761627365023,4.20529561926975,11.2040877108102,8,"O"
27.7156852721237,0.577794956043363,1.50498296107799,13.0873901214226,2,"S"
31.8523950362578,110.834260744261,-0.0989776882163872,10.554803997395,9,"H"
33.9932461827993,104.437282849615,2.63158442605028,10.2130665113457,10,"B"
29.9873151513748,8.49677531048656,0.69516416714428,11.4034096416269,3,"H"
25.8736307243817,3.82842417340726,-2.68280942407217,10.898505447213,6,"I"
34.0837216400541,19.51024801936,3.26459394455281,11.6813188345704,6,"L"
34.429493395146,24.1146084291514,-0.517870180361398,9.45165399062959,5,"O"
30.0458808243275,3.64388936664909,-3.4921947782966,14.6262518516939,6,"B"
28.5168496216647,120.615466547416,2.54503494508142,10.2823382170636,10,"N"
28.7831200379878,88.3913782332632,2.87852333630918,8.18936636553816,8,"R"
34.0090727573261,4.55781622191079,0.894851866475536,10.3613425966984,2,"A"
30.4955068766139,47.8325542596109,-0.624819786135456,9.34089202396459,9,"U"
29.0890860999934,33.7707956681464,-0.159815469470795,11.755558260225,10,"V"
25.5487096239813,1.40603251755238,1.07333154241311,9.85606578570996,3,"B"
32.8712752275169,4.2687447136268,-0.000830939476142693,9.95866350451445,6,"F"
25.8441508072428,62.7982602138636,-2.38025315144776,8.29413508068633,6,"X"
30.9884231048636,62.5583710237644,-1.19940264184582,8.61516449376511,5,"D"
34.6931068319827,4.40203073434532,-0.178942370438744,9.89573282762095,6,"T"
27.2134791687131,31.5290188404236,-5.36336335736638,10.5374777660993,10,"Z"
29.0624175872654,15.9002559492365,1.01406140687711,9.47865044873985,8,"A"
28.9588673179969,79.9679899364154,0.933951476520125,11.717103919697,2,"E"
27.1585019375198,0.762167307110376,-3.14280234252379,12.254234973771,9,"J"
29.7303370782174,14.1704986011609,1.95634484286372,12.403362150535,10,"I"
27.0403908775188,45.5151425463088,-1.16138657892848,8.6237224003405,3,"S"
29.9551773373969,22.2379094866698,1.54494246231547,12.4882988199268,6,"W"
26.2970574316569,2.04937070142478,-0.752988238177513,8.72271022675301,6,"M"
25.6580213061534,0.100172613747418,-2.72980724803217,7.22680351665449,5,"J"
29.0981752891093,1.72019563002456,0.315553362491459,8.4403376429785,6,"J"
34.1044790088199,72.894396796767,-1.98996447588263,8.18069387910245,10,"F"
26.1242651892826,10.7536642905325,-0.532605992319247,10.8162719729012,8,"O"
32.9874111083336,87.3849790447179,2.01400943356245,14.4367634520153,2,"Z"
30.5617332854308,59.6201952894158,4.28997287810264,8.25850933173375,9,"V"
33.6489821621217,0.173969810304325,0.286659813710719,13.4499310468779,10,"N"
33.4302838915028,127.97571844395,-1.89142733387109,11.8007879120469,3,"Y"
31.7189661110751,1.75028506838818,1.8455700763991,10.7831581128692,6,"Y"
32.9849737579934,13.3459933609341,1.67320160202817,8.38056291629302,6,"B"
26.996413921006,0.491090284569675,-2.00385172235064,11.4537443084656,5,"X"
34.9188576382585,3.79247669130564,0.168882056400566,7.41921255836615,6,"Z"
31.5191294043325,23.0100233540355,-4.09922237467746,9.01230481193283,10,"D"
27.8464712854475,21.147754751544,1.99034355093683,9.50035883780049,8,"N"
25.8584506437182,10.3256244258955,-0.209616495703801,10.365187942875,2,"W"
31.3984195748344,3.66752548466541,2.16206564721222,8.18554392698285,9,"U"
28.9611531817354,5.56363665964454,-0.548924960582199,9.30751356387991,10,"I"
26.5523061738349,55.3983318035431,1.83367375434544,10.6809523754485,3,"Z"
30.4341200250201,11.8890832085162,-1.03933608235558,11.1526211826951,6,"X"
30.2704997337423,5.31032592058182,2.61152290002356,11.3871580375331,6,"Z"
26.9199626799673,1.58270268235356,-2.37204016125664,7.87660431512763,5,"V"
30.8918942441233,7.4450694071129,-1.37098994929644,9.22165204748724,6,"P"
32.416151331272,2.76446979492903,0.721324431964494,8.54168523703914,10,"R"
31.8384956615046,33.9929546310071,0.937276181307154,10.041096729136,8,"K"
28.6936131143011,39.0598458039079,-1.7455723602538,8.87639733025978,2,"L"
33.4444435010664,7.29938135482371,-3.53996714593175,11.5201500470075,9,"W"
28.3372207195498,129.621377542504,0.655225521061477,7.77327999642315,10,"B"
32.5711653498001,2.95218431379627,-0.393076565107713,9.967364271233,3,"Q"
28.4090224443935,15.2982850419357,-1.67718436148662,12.9290827939558,6,"R"
29.1088509443216,4.53098076861352,0.550962293850889,10.1188507814599,6,"T"
26.9618774275295,12.6360313904396,-0.656177018759293,7.41721975062939,5,"N"
27.3511613998562,8.26378967273943,1.38525361875435,12.366302268929,6,"W"
31.1439583008178,13.2562461169437,1.33480920966304,7.88522633048648,10,"B"
29.5811046636663,5.45711914077401,-2.23876573449214,11.0835501501752,8,"P"
32.6044914778322,25.1849969124536,0.648070218714007,10.0756785008195,2,"E"
29.4211838836782,18.1612315401435,-0.981359653662189,6.31642299047249,9,"Z"
29.2093348037452,7.70196106284857,-3.81590517965123,6.28797906825363,10,"U"
30.4868693766184,24.8233135497633,-0.517928399346823,8.55508994112002,3,"B"
30.1243095914833,8.19474060065876,-0.05036041936041,9.71264479643221,6,"Z"
32.860994047951,24.6608147664431,-2.66116654494413,7.16891112325739,6,"H"
26.1291036265902,29.9017815558676,1.03920204973631,8.31500305496715,5,"K"
26.728434949182,17.4281090078875,-1.06968665508373,12.856330839878,6,"S"
27.7572691789828,76.865980543817,-1.73160991540855,5.98279369883211,10,"L"
29.4577170535922,8.84337362619549,-1.09015729390459,7.80452110096802,8,"E"
32.5703443144448,0.180240729823709,0.551093602731403,10.8668817761108,2,"T"
31.1742278560996,85.9337379672872,-1.00920252497702,10.9572551099708,9,"R"
26.776412660256,3.8822727617592,0.181188215066531,10.2769720637229,10,"N"
29.9854809395038,232.7190822038,4.61574357498345,9.09299903581311,3,"I"
29.9827182223089,13.3060341607779,1.46324215258945,7.03060307944569,6,"O"
27.6489860774018,22.7531874674924,-0.0305532093958203,8.82723651086543,6,"O"
26.2152484455146,34.0527431095455,0.255078917219294,8.54543245013768,5,"E"
27.9075214173645,19.7613624064252,1.24170517394159,9.12348801177415,6,"P"
29.1713346238248,2.2704803437613,-1.94121056614212,12.6737373696224,10,"P"
25.1210383721627,32.3494506511655,-0.172778544840004,7.56238393844616,8,"R"
29.5659395912662,2.43067515548319,-1.5482978484025,6.76637036203791,2,"Y"
33.9398736553267,17.1382246306166,-1.23081833108975,6.99482883965362,9,"I"
31.9556146208197,14.5646764151752,1.29368281796448,7.81637786030332,10,"Z"
29.1330674290657,36.0398896645484,0.645295648086245,10.7956496503636,3,"V"
33.6392441298813,18.8919705245644,0.757131834707788,10.4477606579715,6,"C"
30.7967284065671,59.2476927277572,-3.59069345602009,6.01433968389012,6,"U"
25.575619796291,25.5600933159206,-2.04723559073104,7.90145019013667,5,"H"
34.9678069050424,55.8277326797075,-0.812598091678657,9.62790207130632,6,"L"
31.5936361718923,88.1359662065163,0.372202734503299,14.7714819533301,10,"A"
32.2253320552409,3.19901762303675,-1.44471617604043,8.21044828446034,8,"C"
27.4864989356138,26.8393551918182,-0.041407716187692,12.2364721661571,2,"H"
27.0506940362975,33.5300122002575,0.753144597271312,7.51765679413185,9,"P"
33.2003291812725,5.67184851039201,0.203565833872145,8.57903765442723,10,"M"
34.5249061263166,14.8782476875931,1.30276130231996,9.63274141610174,3,"G"
27.9401623131707,4.0676324887669,-1.36489885025275,7.72974653630237,6,"U"
29.9145316914655,34.2774345526907,-2.97819406839137,12.4403012832213,6,"B"
29.8773169750348,10.0730111869052,-1.22542390433428,10.2885570845613,5,"X"
29.641406389419,7.08246352616698,-1.04778147908961,14.6134949803946,6,"V"
25.2609680220485,53.8412214045353,1.34136933032198,11.742549502668,10,"Y"
33.9512245566584,9.45203028681873,-1.79869838290891,11.5285720800899,8,"I"
29.5286269183271,78.1579372807782,-1.80244237304579,8.58162823372671,2,"Z"
26.6012041317299,147.414055066675,0.623352876713487,9.69469801341252,9,"R"
26.467728628777,20.4168072994798,-2.59007664246768,12.0662227204196,10,"M"
29.9003327451646,20.48639299348,0.041518898064279,9.50553301601861,3,"R"
27.6401418703608,33.2717226246808,-1.19555614192372,10.9276096890054,6,"P"
30.0051428936422,2.14033409021795,2.31382821204754,10.7956430027987,6,"Q"
28.745968346484,42.4173722949751,-2.70141320183724,8.00502903844852,5,"L"
31.5229931706563,19.865229469724,-0.435447925833986,12.8414399747407,6,"Z"
29.6341885346919,7.36637769732624,5.47477735708829,8.0607740987205,10,"Z"
31.0412144311704,235.954527226384,1.31734082254949,13.4478031304956,8,"L"
28.3700803830288,26.3025198968858,0.206626965851279,12.0910432114062,2,"Z"
34.7537660156377,0.719104809580566,-0.623229057584612,11.9290976167868,9,"C"
34.4089678279124,11.6507569034279,-0.0776274050056298,7.17892689184126,10,"Q"
32.8139230981469,37.7566236990008,1.66953500666619,10.5263366796278,3,"R"
34.2839115206152,0.359874162822962,-1.63588594726322,9.54206005886481,6,"W"
33.6401341832243,2.53673867531118,-0.916752758346434,7.60754256017765,6,"I"
34.9822241067886,29.82732119844,1.42883659656899,11.1752025309654,5,"E"
30.9790860512294,7.27050461723458,0.303010827013766,11.4252439145639,6,"G"
32.9155463632196,4.33383950963616,2.26811163727126,9.10451505856551,10,"Y"
26.0959093901329,26.1829520225315,1.30752646994758,10.6187293153706,8,"S"
32.8937836829573,61.5151020859308,4.55478731783741,12.3727189906932,2,"I"
30.7241161074489,0.957728808428446,-3.59635622330081,7.43883272991787,9,"V"
25.0610531424172,22.264457651085,2.92475151483706,10.1914497948729,10,"D"
27.8938600746915,12.1850590361282,-1.42982349387713,8.09330439871017,3,"S"
32.3161924397573,13.8755188230425,-3.21595464568351,11.4439641739511,6,"B"
33.0370033555664,52.2531271604487,-1.74645015435709,11.9290617822947,6,"R"
26.5300524234772,4.95944248046726,-1.04525142176561,7.57732911386876,5,"K"
26.9640541030094,13.1240180181339,-0.532164025599705,14.3508487659198,6,"A"
32.1848809649237,17.4334703525528,-2.65568336582576,10.5137491316805,10,"I"
32.2942159534432,11.522895405069,1.6799242111149,11.8491283450994,8,"K"
28.4209838369861,11.6163240281258,-4.53066555617332,11.5566122296138,2,"S"
33.7620891514234,12.7042038319632,1.53094352162295,11.7519479715509,9,"C"
29.2927258391865,26.7635138777355,0.140855981613649,11.0113513744155,10,"T"
26.4085897291079,8.83442113855564,0.378106993038415,11.4444631813923,3,"T"
29.103799960576,1.68986415490508,-4.27904006956331,6.45248609857277,6,"X"
27.9151388024911,29.7968555788014,-2.40879277165967,12.068690314592,6,"Z"
30.3398944227956,6.73037840053439,-2.90359628877878,7.44604129448648,5,"Q"
27.8003266151063,42.7019509834178,-0.713238503011069,9.01591903301696,6,"B"
33.7127512856387,2.8274703900554,0.633432624644651,7.93138571759752,10,"J"
33.8452524831519,3.05049925111234,3.36471017496989,9.21647853907951,8,"C"
30.5609778943472,13.1623859424144,-1.91759925610151,11.4759364750765,2,"J"
30.5143223819323,6.75381751265377,0.968984463330558,13.0519248013663,9,"B"
29.9666863470338,31.784462815753,1.025608609694,8.876660027802,10,"V"
25.8038567169569,80.8869792296927,-0.505372025359773,11.1044027645282,3,"O"
31.8347608949989,7.71818694658577,-2.05395539694339,9.27533762726475,6,"F"
30.1947640790604,64.0349022820037,-1.05043027370373,10.8495318426197,6,"T"
29.3591417302378,5.17678217031062,-1.63711571645221,12.1952679339059,5,"F"
32.9374203411862,1.13774767611176,1.78994774386048,10.0489536981722,6,"F"
27.4913270981051,37.9296099475089,2.37133964501151,9.04259063122095,10,"P"
26.7680343217216,27.6695159251306,-0.190462449767312,10.1882758135365,8,"P"
25.9959042072296,6.57250948577384,-3.68691068079486,10.5992497906077,2,"M"
25.4476115270518,7.32204476371408,-0.434367420545472,11.3480445619273,9,"V"
31.7335426202044,10.9501545410603,0.149270659932374,10.0177512988507,10,"Q"
32.471679772716,24.9147182597283,-1.28816736084747,7.69136060453482,3,"W"
25.4206560575403,0.497806394477717,-0.641938491362916,7.58239086617319,6,"J"
33.4081499022432,36.100167435265,-1.42404112199874,10.6933849540742,6,"W"
25.4287918796763,2.11308058424993,-0.605638882435538,10.1251530915492,5,"R"
33.2075100159273,42.7472317523853,-2.3364825500148,10.7872321163139,6,"B"
32.0304165314883,57.9989248861499,0.0298997738647806,12.8553213647321,10,"X"
26.6886455309577,60.4158974041171,-0.281557815101864,8.90082151292432,8,"A"
28.2384595274925,1.57752119936049,-3.87135711851225,11.5403997800712,2,"Y"
33.2310245442204,40.3496594621304,-0.248324219377601,11.133450726391,9,"K"
31.2976710335352,6.24153257813305,-0.167414942243415,8.1974895873165,10,"Q"
30.8127797348425,5.80996648680322,1.57704952571632,10.0459852959731,3,"H"
25.5432426254265,57.8923784419231,0.718118697831651,11.2496854674324,6,"B"
27.4331082147546,74.5137108638327,-0.463737089027207,8.15104578335311,6,"Y"
28.2986993715167,28.6029382409964,0.423628961235712,13.3420614337595,5,"D"
33.1457766517997,111.980412501369,1.94966681785235,11.0061817289596,6,"N"
34.0868750400841,109.025059354709,1.81178258255609,9.07102076936102,10,"N"
34.3942853691988,34.4216634490047,-3.61235188050021,9.5462728403101,8,"F"
30.3765097330324,48.0612352800431,-0.944081150061679,9.17366186478949,2,"V"
32.3013324174099,94.1747767205185,-2.56819948254112,11.1765248086625,9,"R"
31.9431282859296,10.9953102150457,-0.856060269950341,10.041304990179,10,"A"
26.0646238620393,11.8921127775684,0.683425362713439,12.3724363501869,3,"O"
27.6144012343138,52.0848688085504,1.16595684451822,11.8719198662361,6,"E"
26.5564777771942,135.464652135857,-5.78840943546321,12.6324350545605,6,"I"
34.9971545254812,71.7485926448743,0.257634056728119,9.21303743991542,5,"S"
28.4707677876577,12.3331577377394,-3.80924351373356,10.0380557676977,6,"X"
34.6356631768867,34.2782653110538,0.150945575018947,10.1351286617708,10,"S"
32.1538349962793,3.21782789577374,-2.98501768092289,12.4782756035069,8,"Y"
31.1010806402192,4.82761844751109,-1.39619028089021,11.1333252948561,2,"G"
26.8723703897558,7.64924278948456,-0.689971250780651,9.83034728089156,9,"J"
26.1107222316787,45.7829665367432,3.23856255263544,7.0584294532112,10,"U"
30.0238533201627,29.6817058319659,0.829394320241237,13.1047564419192,3,"C"
27.6694232947193,53.8140770828511,3.73448449300527,12.2686722434641,6,"V"
31.5866954205558,2.78807440435831,0.00528216986808085,6.76559257104534,6,"L"
33.4417598159052,37.4792647628549,0.35745338856378,10.1314531836124,5,"F"
30.6766280834563,15.640480988659,3.69242180674902,7.32217645909099,6,"K"
28.2519514416344,10.4454903459704,-2.06522051264778,9.4921168931086,10,"N"
28.8805549195968,29.4135087902162,1.68283141896859,12.9668730297172,8,"C"
28.2149831322022,59.4585032888781,-0.461650258985056,10.966708939515,2,"U"
31.8304729950614,13.8133417395875,-0.589282836628789,11.6325662878872,9,"X"
31.9231155398302,33.2331045983795,-0.839112483839621,8.52537267617966,10,"F"
34.8194761527702,12.5071495771408,0.328145705564971,12.9284948554003,3,"X"
30.8429397293366,0.969156048849884,2.0014144444091,8.74814236974622,6,"O"
29.466072244104,46.8862998815287,1.14281391252016,10.0587879075471,6,"K"
30.9401714871638,6.14480649910276,-3.34175330183602,8.41927307152404,5,"I"
34.7033524583094,4.05478038672204,-3.884375180628,8.35945326429088,6,"B"
32.4882950284518,10.416207296485,1.21721673688223,9.66680037713745,10,"J"
28.4098099544644,1.61786834243685,0.150042383506555,6.90421765873088,8,"Z"
26.6896901791915,54.7830921200044,1.79677274498795,12.5029195241102,2,"L"
33.0187351116911,14.0691173089342,-0.124167534630254,8.83609430456985,9,"M"
25.7478777319193,11.6921010660008,0.321592766946441,10.2859903053238,10,"A"
29.4232409796678,41.165508039898,-1.52671571620673,12.9021179292443,3,"T"
29.8657385609113,4.25309057347476,-2.06933334202297,9.91819357667667,6,"A"
27.0259080827236,6.22681194450706,-1.68770819894878,8.53031574795316,6,"D"
26.666189879179,33.994132176644,3.99632467428684,10.2879536103104,5,"G"
34.6564121544361,16.8813199259288,-2.34499219159757,9.51397982905039,6,"N"
32.9415717115626,13.3939909070778,2.02478902014582,10.4103837962883,10,"M"
25.6574042886496,6.50997300790673,-2.21584212733444,8.62283460473987,8,"N"
31.2146972678602,1.87366196885705,0.423297931396909,9.59611339207841,2,"D"
33.5503706429154,52.9109405700989,1.82425012564171,10.3881720236667,9,"Y"
25.037886807695,17.2530277306214,1.05321943795489,12.2885582358102,10,"V"
28.30120483879,16.7722657788545,2.75770145469055,8.37670950801053,3,"G"
30.100557829719,95.4686039635792,-0.136069078401063,12.3577239621091,6,"H"
34.8526788270101,33.7350835917953,-0.895480031238021,10.0852245524715,6,"X"
31.7642593337223,3.11574508187347,-0.709346629018588,10.0515766232262,5,"E"
30.2248541987501,92.1879127984009,0.792372736361863,10.4818419295176,6,"U"
33.8101707492024,143.061469152459,2.16729179601275,6.08553608720718,10,"M"
25.0608681002632,19.3637725990266,-3.55232637529024,9.99267114457217,8,"G"
26.4820690476336,26.9963678798143,-0.0802912683807476,13.0930787226801,2,"U"
32.7417784207501,21.2722916720667,2.3653542769937,8.86044900301906,9,"A"
34.3592486414127,4.61350061930716,2.15016551144823,7.92933536784138,10,"E"
27.3294886643998,9.99205647327803,0.654080324151718,7.62286972454036,3,"E"
26.6277503315359,20.4691162565723,-4.32767889666873,10.6943391363076,6,"D"
32.4086352321319,7.61473885298778,-0.020397319226957,8.1831246271156,6,"J"
27.2873480780981,201.476397000087,4.09255351482834,10.7218779288889,5,"E"
28.4974405379035,40.4347420098696,1.30400601336248,10.6694838222084,6,"D"
33.6365887057036,20.8789080160311,-0.412586621645702,9.9268726363075,10,"O"
34.5357556804083,80.8065086006563,-1.08773452676126,7.20942715941301,8,"A"
25.609391273465,71.2910569607656,1.11835759662989,10.2605806002037,2,"E"
25.7539144484326,9.82707006856799,-1.740042893214,7.58439294480466,9,"E"
28.2862410438247,20.9050641941342,-0.562089676586686,7.66968536540577,10,"C"
28.2009900803678,14.160846490413,-0.93508748887223,14.300876019256,3,"Z"
34.6062844572589,15.2436325605959,0.0642553116215036,9.64695676329792,6,"Y"
28.4050720650703,23.4835661562595,0.226881993670564,7.34702421470485,6,"I"
26.9273146684282,7.67032761442187,-1.44408008382704,8.246394578512,5,"Z"
31.3488316140138,1.10801558475941,-1.08670393518213,10.3451476246795,6,"T"
31.6189030278474,29.7235855903028,0.0532762206574791,5.60828136403173,10,"N"
29.4594136206433,70.4694640412371,-2.27807443116878,11.9989924045688,8,"W"
28.2874020677991,33.2093515700165,0.111533661256192,7.65605998094932,2,"Y"
26.8023121962324,37.3481589170609,0.207731565356497,6.18809645925354,9,"Y"
31.4995117834769,12.8560633538291,-2.55937756047294,8.95999823876335,10,"E"
30.4047762835398,46.3875225426494,-0.844080992585664,9.81118023320137,3,"T"
25.680080789607,12.1916626067832,3.2794533978499,14.8995779949453,6,"P"
25.9023632784374,6.80406100558775,-1.13101676875393,10.885100783459,6,"O"
32.0609581214376,4.28888604976237,-1.58513071673009,12.6832195919746,5,"S"
27.8619043459184,4.81107536237687,2.03475612027903,10.0325894115107,6,"M"
25.4375514271669,24.8486238583314,-0.507645653888949,9.62523196290353,10,"L"
31.7055393196642,49.1175325758329,-1.24686410255334,13.1054390779316,8,"P"
32.7365133794956,13.5682093517338,-0.99852524349978,7.10697662662072,2,"D"
31.121392021887,133.121680870541,1.24304939924818,10.8120376803503,9,"Q"
26.6768464702182,11.6630623675883,3.83573545814992,9.69482026433077,10,"E"
26.4058807003312,21.3738252023671,0.58449521818424,9.31131445213216,3,"S"
25.9926884435117,36.7469501214455,1.08483008131588,10.9470291288286,6,"G"
25.0433014240116,102.068514002056,-1.23394163381719,11.6267074415823,6,"I"
33.1073410343379,1.26096714287996,-1.80615988654599,6.61780849037961,5,"Z"
27.1498900046572,6.20583162177354,3.21275799072337,9.57225989993565,6,"M"
26.6682973853312,48.9441955983915,-3.80178992628056,13.0601066585391,10,"K"
26.7070587049238,0.842830925706748,2.6022514732875,11.6847155554618,8,"R"
28.4072183351964,27.1944804940819,0.399955068941078,11.065184981656,2,"L"
26.1349697969854,25.080731686807,1.69843656671227,9.82310114432701,9,"U"
28.5967757808976,9.62646466679871,0.98161696807591,8.04675280772537,10,"W"
25.3257505386136,28.7809316132451,1.03645093251683,8.99652261534876,3,"I"
32.9791434970684,8.85654578916728,-0.281919248642921,11.7791514016584,6,"E"
31.3864137232304,38.030836431912,-0.314057838255033,10.140604901333,6,"O"
31.6655366122723,22.2737240406189,-0.801277675248615,10.3228663384866,5,"S"
33.8652627286501,29.2508606972609,0.27935674086164,12.8434140943788,6,"Q"
34.6147019229829,1.5455991961062,-0.234440669128125,9.68445081046709,10,"U"
29.798557672184,11.2274876330048,1.19791014812571,10.3241426351784,8,"N"
25.2046949393116,38.2062808970425,0.100828925209553,10.7132590635997,2,"O"
29.6307313512079,13.1599527457729,2.01522237674698,6.95118716848125,9,"L"
32.9021997586824,16.4105047574634,0.534936300645712,10.0737595555117,10,"I"
30.873927383218,2.42919618434123,2.72620416494601,11.1530964335208,3,"G"
33.7146039307117,35.2608257798914,-1.3299409829231,8.51683527590861,6,"M"
26.5969115984626,17.4171889247373,-4.4293504026025,8.08493521840436,6,"J"
33.3556091738865,23.9182030396972,1.55158637883494,9.18062788691172,5,"Q"
31.4151642168872,22.0081895596905,2.1506684521046,7.16273672734659,6,"N"
33.2432076591067,25.927485958563,-5.69801324076713,11.9897385858789,10,"R"
33.3582600206137,17.1034164866433,-2.47072148242717,8.78708312092466,8,"E"
26.1675977194682,6.16500473096232,-1.09257385776947,10.6115738521348,2,"M"
29.7692447388545,11.5927272755653,-0.266120927978417,12.6034106110425,9,"H"
25.7802076544613,12.6782854925841,2.55287843830124,10.5650425879273,10,"E"
33.4503314946778,5.93643609434366,-1.74219979292288,10.4271545999264,3,"K"
33.6819817870855,34.8394809185032,-0.266591692796744,12.6348071316592,6,"J"
32.8955171722919,13.4556007571518,1.52692831432329,11.8153261874576,6,"H"
27.7034195419401,105.507976127075,-1.2937058263496,11.2849866568756,5,"E"
26.2973490078002,8.01755323312703,1.80552234539109,12.1461324167661,6,"M"
27.7897297893651,26.7967967719556,-1.42030328436587,8.45035094543644,10,"I"
34.7102406830527,43.3852462445326,-0.712416535075232,10.7384473090331,8,"C"
31.5535386558622,43.2348068195659,0.968543119968927,12.107143133,2,"N"
31.9131022063084,22.0452396465901,-1.22276786111833,4.68021554099738,9,"E"
29.6212237793952,12.8499752755915,-0.0609902491324908,12.0617536144118,10,"U"
31.6117148147896,8.39855487520729,-5.40304269785628,10.0564332960709,3,"V"
28.8147610123269,2.54701316356659,0.727532027537618,6.99360488687824,6,"M"
25.9959371690638,7.58068540133536,-0.897731361311904,13.8454018649994,6,"P"
31.011117498856,13.5643649613485,-4.66241219547304,9.8360183881194,5,"Z"
29.591888752766,65.6706942766349,1.90820809541645,8.89989206447261,6,"A"
33.5368992085569,38.1601499753509,-1.60795389046443,13.3013162707965,10,"D"
30.0051376828924,29.2157461020618,-1.13800233063252,11.4343537624341,8,"G"
32.7069417340681,10.3491564514115,-2.54145404503728,6.6933641532171,2,"R"
30.3940813732333,12.6801473367959,0.0424315488181033,12.0475975205006,9,"Q"
27.980929161422,54.2932417404778,3.80140031561055,8.7378249494633,10,"D"
32.5279795471579,2.75422193732197,-0.802468578734779,8.03677770762878,3,"V"
30.6501181540079,4.08889069687575,1.06780698181299,10.8001587100669,6,"L"
28.3340008952655,10.7694713724777,1.13459009289938,11.4026521991457,6,"L"
28.5677921911702,2.2738901199773,-2.4407524160615,10.3649617621883,5,"G"
31.3317283801734,39.5246958489154,-4.29030535614522,8.94137550220801,6,"E"
30.4461703333072,65.2074535339515,-0.990559110847739,12.4523934203814,10,"K"
25.8266256074421,13.6881435709074,-0.0415044491173449,11.2395491433208,8,"Q"
33.2421133574098,12.8238224750385,0.355122895556576,11.3383779385429,2,"N"
31.5524527709931,20.9519081394321,-0.180308738702279,11.4569954390411,9,"V"
33.9119818108156,1.9084622617811,2.38114343961994,10.4751557069339,10,"I"
26.9767873547971,16.9045170403433,-2.42092387797908,8.17271995439472,3,"O"
34.9698273278773,14.9709252035245,-1.97390953658652,6.97059853963897,6,"K"
28.6217136727646,7.54521649796516,1.63824496872736,11.5102951596122,6,"L"
27.8357101231813,20.3166667185724,-0.936038498316365,9.01392565599296,5,"N"
30.1091759419069,1.37656484730542,1.29183740557716,7.68426081338787,6,"T"
30.3502037073486,64.2371971681159,-1.07619088807673,6.07700299906176,10,"F"
34.0722138318233,16.418677540496,-0.920685470706514,10.6420323384092,8,"H"
32.7261217101477,3.92729253508151,-0.938253737669787,10.7460390972471,2,"Q"
27.5470457691699,47.6534932826586,-1.63870305822543,11.9114812346599,9,"P"
28.013196925167,17.96157524921,-0.936158608789989,13.7561634626047,10,"Z"
28.884236398153,8.53864279109985,-2.51034081402245,8.64680782215147,3,"J"
33.8584961579181,2.68092760096212,2.57921050247456,10.729198897608,6,"V"
29.6253735641949,68.5585035244455,-1.7386706829597,8.23473753584668,6,"H"
34.997503454797,84.5343243994768,-0.751250262671142,11.7391419103857,5,"W"
31.5751494187862,8.64235082175583,-1.08517777908502,13.6795976370473,6,"L"
26.0642527369782,56.2051423427589,-0.777141531946859,11.8139132220642,10,"S"
32.4274499854073,16.0808088630438,0.767000182468075,10.9222654592993,8,"R"
29.1788977594115,0.58840271551162,0.666099318075562,9.08596740894775,2,"B"
27.6133868517354,42.4512454643032,0.157839047899849,7.19728515494444,9,"I"
32.436034376733,146.433452463918,-0.0622199083996172,11.7573002708959,10,"K"
26.3712814263999,41.6311067781898,0.21264070936259,6.00447012256442,3,"D"
26.0477279708721,41.6026653882988,-2.92772102434744,11.0745041775211,6,"J"
27.8091163630597,39.1260767529223,4.12858108942305,12.9634903071129,6,"U"
26.5710375504568,25.8529750452277,0.0366245409979042,10.8770176120473,5,"U"
34.3351118592545,12.037439472042,-5.61554675947575,12.6419442412777,6,"M"
28.596042455174,14.3795263068751,2.01761895072954,11.7369521654677,10,"H"
28.2555106468499,1.1258754087612,-0.669479661046603,6.37104124304795,8,"M"
34.4828149233945,26.252272992742,0.544639912397929,12.9845756513231,2,"I"
34.8290969943628,2.53417257685214,-1.86096754146564,9.57997864989362,9,"G"
33.1833676667884,12.1286859596148,-3.54322028041637,10.3214927989564,10,"W"
28.1922513968311,48.9969694216676,-1.65892386892584,13.8006138504649,3,"Y"
33.1294112326577,9.86299005884936,0.230133776807033,9.59597669950909,6,"G"
27.9920113319531,12.2686450788751,0.65876816219307,10.5096369200525,6,"E"
26.9297576393001,65.638242900316,-1.45581924024135,9.81719855396968,5,"W"
33.8076967536472,7.51415098551661,-1.67294021468759,13.3108282617523,6,"L"
31.1737529048696,56.7701442349876,0.0886278216794549,8.63613751994436,10,"I"
26.9940399751067,14.364021406509,-0.725847449311215,11.9823858147827,8,"L"
32.3715646145865,11.8254092987627,-1.77923004261334,8.83109879824457,2,"K"
33.8735729153268,134.68065391452,-1.4524357811471,13.3336131584196,9,"G"
30.7414328143932,21.605898892949,4.62642269198689,10.7316352511533,10,"H"
29.3009785749018,52.8408928376563,-2.43824755073118,13.7169424836913,3,"Y"
25.010522857774,4.48386219330132,6.70725629893915,7.57159386193092,6,"P"
34.6542372158729,61.143760976655,-3.37780463950365,11.8445747899261,6,"L"
30.9012840897776,44.9128207166619,-0.14235777665433,9.97254809442581,5,"N"
29.3524815072306,43.2176210333533,0.979835133509463,16.0403941953076,6,"N"
27.2163161239587,11.9926786841825,-2.10470107705435,9.04932194545212,10,"P"
26.0181678109802,21.8416016722534,2.8608318661876,11.6073367579982,8,"K"
34.2739026527852,28.6938638413761,-0.968674795764108,9.44814481642011,2,"M"
32.3056651838124,35.5493470361892,0.295035080401217,9.65239471188544,9,"O"
25.8360759867355,58.3400453788169,-2.07265988887126,8.8239890592542,10,"Q"
25.7896016328596,47.3655836817749,-1.13933043759658,8.96536311840802,3,"F"
33.7254697736353,54.6342441600688,0.195123561244093,11.4795418535964,6,"I"
31.0864039207809,40.2017844176356,2.73797017461011,12.0890325719964,6,"O"
